day,category,sales
2022-01-01,Electronic,408.93007857216617
2022-01-01,Fashion,515.6454749257533
2022-01-01,Sport,353.1633040738581
2022-01-01,Kids,486.9775907829301
2022-01-02,Electronic,614.713930957348
2022-01-02,Fashion,725.6796654741902
2022-01-02,Sport,418.20147045395424
2022-01-02,Kids,523.804095711021
2022-01-03,Electronic,638.2518482093076
2022-01-03,Fashion,439.915646189885
2022-01-03,Sport,540.4391412442328
2022-01-03,Kids,614.6202847292186
2022-01-04,Electronic,587.1145867125912
2022-01-04,Fashion,346.4856511923319
2022-01-04,Sport,423.86783096044326
2022-01-04,Kids,632.8751118091864
2022-01-05,Electronic,525.9210566581586
2022-01-05,Fashion,354.9432109290565
2022-01-05,Sport,611.7709663609859
2022-01-05,Kids,305.0785278139758
2022-01-06,Electronic,678.0322069293702
2022-01-06,Fashion,415.7873541716566
2022-01-06,Sport,721.0244689576206
2022-01-06,Kids,439.0408832341321
2022-01-07,Electronic,451.36424172255306
2022-01-07,Fashion,407.85612567022537
2022-01-07,Sport,424.6349557964938
2022-01-07,Kids,706.8866584503019
2022-01-08,Electronic,718.5914974302578
2022-01-08,Fashion,482.51514490248906
2022-01-08,Sport,499.4699770918582
2022-01-08,Kids,698.0811886619846
2022-01-09,Electronic,693.304164674661
2022-01-09,Fashion,546.2170633092243
2022-01-09,Sport,520.5173958649966
2022-01-09,Kids,468.0884393596945
2022-01-10,Electronic,624.8977818334807
2022-01-10,Fashion,279.200719443578
2022-01-10,Sport,548.3747689015987
2022-01-10,Kids,496.2027320473469
2022-01-11,Electronic,681.3713914491575
2022-01-11,Fashion,393.21166789824565
2022-01-11,Sport,573.3499198461706
2022-01-11,Kids,530.3120650703629
2022-01-12,Electronic,555.2668583433758
2022-01-12,Fashion,351.25781552174703
2022-01-12,Sport,560.8666595347667
2022-01-12,Kids,611.4008054091638
2022-01-13,Electronic,578.4187402996761
2022-01-13,Fashion,530.5410056609081
2022-01-13,Sport,624.1558478185426
2022-01-13,Kids,659.6715662115829
2022-01-14,Electronic,432.620628042107
2022-01-14,Fashion,706.0401104702961
2022-01-14,Sport,575.2322585802599
2022-01-14,Kids,415.9181158227994
2022-01-15,Electronic,344.39769215475866
2022-01-15,Fashion,477.948297332396
2022-01-15,Sport,670.0505399405401
2022-01-15,Kids,671.0626071918027
2022-01-16,Electronic,648.3784510412962
2022-01-16,Fashion,556.9931301859771
2022-01-16,Sport,490.1972422697077
2022-01-16,Kids,372.3060865319978
2022-01-17,Electronic,504.11441457708906
2022-01-17,Fashion,580.5862336519458
2022-01-17,Sport,381.74140668597533
2022-01-17,Kids,479.9068940491669
2022-01-18,Electronic,599.7545829923092
2022-01-18,Fashion,630.579396068353
2022-01-18,Sport,759.7962573378169
2022-01-18,Kids,784.9612277483474
2022-01-19,Electronic,606.7205294100089
2022-01-19,Fashion,585.74946985001
2022-01-19,Sport,526.6478235298315
2022-01-19,Kids,702.2580041159948
2022-01-20,Electronic,401.868965339577
2022-01-20,Fashion,515.5053835694364
2022-01-20,Sport,690.5968144733889
2022-01-20,Kids,444.54519183910946
2022-01-21,Electronic,575.2356749326723
2022-01-21,Fashion,611.6561046116099
2022-01-21,Sport,471.2042456726243
2022-01-21,Kids,488.67779594441464
2022-01-22,Electronic,463.7804766407465
2022-01-22,Fashion,357.4923529207057
2022-01-22,Sport,391.36953831837354
2022-01-22,Kids,707.4543370776291
2022-01-23,Electronic,448.7201332607292
2022-01-23,Fashion,592.1706725491455
2022-01-23,Sport,477.7871713005658
2022-01-23,Kids,774.7896573301718
2022-01-24,Electronic,439.19557226845046
2022-01-24,Fashion,527.9130416642082
2022-01-24,Sport,693.8673171383375
2022-01-24,Kids,651.5119419936377
2022-01-25,Electronic,441.0164831427559
2022-01-25,Fashion,699.6860829475294
2022-01-25,Sport,541.1204660867386
2022-01-25,Kids,552.2846914737042
2022-01-26,Electronic,369.77702055101895
2022-01-26,Fashion,387.7127584986815
2022-01-26,Sport,639.7404411398569
2022-01-26,Kids,539.1586026732094
2022-01-27,Electronic,529.9017096960915
2022-01-27,Fashion,678.3491223062821
2022-01-27,Sport,722.7907366327597
2022-01-27,Kids,439.6734905168558
2022-01-28,Electronic,612.9704176665856
2022-01-28,Fashion,424.84619532810757
2022-01-28,Sport,604.1407441064932
2022-01-28,Kids,633.2002307122871
2022-01-29,Electronic,746.7604470393063
2022-01-29,Fashion,491.0291533612695
2022-01-29,Sport,379.35875182476036
2022-01-29,Kids,496.12129455126416
2022-01-30,Electronic,467.10245886474354
2022-01-30,Fashion,432.87295642834295
2022-01-30,Sport,760.2480551054039
2022-01-30,Kids,500.17459762230106
2022-01-31,Electronic,497.1262334781284
2022-01-31,Fashion,648.5598181330364
2022-01-31,Sport,586.5951509236836
2022-01-31,Kids,637.0040509689582
2022-02-01,Electronic,409.52140660899295
2022-02-01,Fashion,652.8079569215898
2022-02-01,Sport,349.4985810886232
2022-02-01,Kids,381.97163007681405
2022-02-02,Electronic,732.4875992134705
2022-02-02,Fashion,417.8807172065472
2022-02-02,Sport,533.3714469011798
2022-02-02,Kids,544.9148682354166
2022-02-03,Electronic,475.14514216867695
2022-02-03,Fashion,758.6749734700832
2022-02-03,Sport,349.2235547601048
2022-02-03,Kids,699.1866555689264
2022-02-04,Electronic,731.0909441461023
2022-02-04,Fashion,595.5499818782556
2022-02-04,Sport,768.365270565096
2022-02-04,Kids,358.5921314084518
2022-02-05,Electronic,544.7257410524038
2022-02-05,Fashion,535.5817940005263
2022-02-05,Sport,614.4885043400704
2022-02-05,Kids,781.096405862914
2022-02-06,Electronic,481.9469703436133
2022-02-06,Fashion,675.6616178197668
2022-02-06,Sport,413.6689933160151
2022-02-06,Kids,563.3776588322328
2022-02-07,Electronic,573.9235493361491
2022-02-07,Fashion,786.7243493197788
2022-02-07,Sport,623.6180022812706
2022-02-07,Kids,536.735928474814
2022-02-08,Electronic,399.0837261539724
2022-02-08,Fashion,457.47524920715455
2022-02-08,Sport,472.7651000256083
2022-02-08,Kids,461.5382110590425
2022-02-09,Electronic,771.2196584707979
2022-02-09,Fashion,631.5471004658343
2022-02-09,Sport,548.6172596336671
2022-02-09,Kids,456.386925049871
2022-02-10,Electronic,690.9692733868005
2022-02-10,Fashion,708.8453824027371
2022-02-10,Sport,437.9790582840689
2022-02-10,Kids,643.2563115957514
2022-02-11,Electronic,623.6242631220804
2022-02-11,Fashion,440.319482437656
2022-02-11,Sport,585.2897537189896
2022-02-11,Kids,650.4585769372146
2022-02-12,Electronic,437.40971104676265
2022-02-12,Fashion,745.2986030370895
2022-02-12,Sport,691.7662541650375
2022-02-12,Kids,630.5940364963144
2022-02-13,Electronic,562.2205577332044
2022-02-13,Fashion,572.5261492656641
2022-02-13,Sport,648.3054954556668
2022-02-13,Kids,640.0087768636383
2022-02-14,Electronic,406.06852987832224
2022-02-14,Fashion,654.251363208873
2022-02-14,Sport,695.3909726652279
2022-02-14,Kids,673.1326411001892
2022-02-15,Electronic,421.47572837773447
2022-02-15,Fashion,681.9613000303194
2022-02-15,Sport,430.34181483563333
2022-02-15,Kids,515.9117915656501
2022-02-16,Electronic,442.2555808900659
2022-02-16,Fashion,557.482351428222
2022-02-16,Sport,699.9746540895834
2022-02-16,Kids,602.1284087816613
2022-02-17,Electronic,440.7794673490021
2022-02-17,Fashion,697.6744542490483
2022-02-17,Sport,722.6680626493703
2022-02-17,Kids,776.474558588955
2022-02-18,Electronic,487.32591226113726
2022-02-18,Fashion,538.1106801003021
2022-02-18,Sport,784.5759056165009
2022-02-18,Kids,721.90648342989
2022-02-19,Electronic,370.88970694265146
2022-02-19,Fashion,435.46209416438967
2022-02-19,Sport,573.8572738167746
2022-02-19,Kids,724.6456603820907
2022-02-20,Electronic,613.9066476838419
2022-02-20,Fashion,624.5440153937418
2022-02-20,Sport,462.3733249702183
2022-02-20,Kids,701.9028060186315
2022-02-21,Electronic,676.3573370475312
2022-02-21,Fashion,525.0216861814652
2022-02-21,Sport,714.5419522325446
2022-02-21,Kids,807.4270159960981
2022-02-22,Electronic,486.95801424025706
2022-02-22,Fashion,756.0301861414664
2022-02-22,Sport,521.9818985546252
2022-02-22,Kids,761.8865650198568
2022-02-23,Electronic,650.8112454111052
2022-02-23,Fashion,686.6676674517456
2022-02-23,Sport,700.8614326609934
2022-02-23,Kids,591.2982656284001
2022-02-24,Electronic,735.1589632343824
2022-02-24,Fashion,615.4553078250464
2022-02-24,Sport,440.9287150069584
2022-02-24,Kids,688.91754983835
2022-02-25,Electronic,780.2058356370455
2022-02-25,Fashion,471.63697004755386
2022-02-25,Sport,756.9210469722751
2022-02-25,Kids,715.0507079531303
2022-02-26,Electronic,491.2192235928252
2022-02-26,Fashion,846.1492721153755
2022-02-26,Sport,452.8283964077518
2022-02-26,Kids,453.4698155180856
2022-02-27,Electronic,448.00005518664216
2022-02-27,Fashion,796.9844798878735
2022-02-27,Sport,635.5752527477014
2022-02-27,Kids,480.1485331550475
2022-02-28,Electronic,574.4195994675309
2022-02-28,Fashion,638.9692898218037
2022-02-28,Sport,494.62703359859
2022-02-28,Kids,788.2306362209889
2022-03-01,Electronic,658.7640596538089
2022-03-01,Fashion,626.4873724546624
2022-03-01,Sport,765.0739752375396
2022-03-01,Kids,611.3626353509846
2022-03-02,Electronic,769.0992746923873
2022-03-02,Fashion,682.1144107055655
2022-03-02,Sport,668.2488969017595
2022-03-02,Kids,512.452620683499
2022-03-03,Electronic,717.1468264947997
2022-03-03,Fashion,579.4153691395104
2022-03-03,Sport,451.0296183627784
2022-03-03,Kids,399.29186946560833
2022-03-04,Electronic,678.4043622022474
2022-03-04,Fashion,647.3853442898188
2022-03-04,Sport,651.4533918560736
2022-03-04,Kids,806.6899278155765
2022-03-05,Electronic,498.11962745989854
2022-03-05,Fashion,752.9981147467554
2022-03-05,Sport,432.0759863527202
2022-03-05,Kids,746.1303210202392
2022-03-06,Electronic,769.4788938664151
2022-03-06,Fashion,615.4567858473263
2022-03-06,Sport,701.2578561398653
2022-03-06,Kids,574.0060832973724
2022-03-07,Electronic,565.6592454257834
2022-03-07,Fashion,752.5118462659639
2022-03-07,Sport,491.46805866721337
2022-03-07,Kids,529.7657386834766
2022-03-08,Electronic,596.2617805121713
2022-03-08,Fashion,713.7641218087682
2022-03-08,Sport,589.2094042201443
2022-03-08,Kids,443.2958428718292
2022-03-09,Electronic,678.911965839095
2022-03-09,Fashion,763.8671766347628
2022-03-09,Sport,490.8008823890891
2022-03-09,Kids,470.88677750340514
2022-03-10,Electronic,500.1452469305848
2022-03-10,Fashion,569.6988009834179
2022-03-10,Sport,559.156670492265
2022-03-10,Kids,742.2426179229985
2022-03-11,Electronic,676.0462094352583
2022-03-11,Fashion,658.3020809521174
2022-03-11,Sport,552.6594258089469
2022-03-11,Kids,750.9776607283577
2022-03-12,Electronic,602.689618086034
2022-03-12,Fashion,848.4017564118964
2022-03-12,Sport,712.006590571886
2022-03-12,Kids,436.41312339763056
2022-03-13,Electronic,746.3851029929384
2022-03-13,Fashion,494.07413769756187
2022-03-13,Sport,681.9004027464484
2022-03-13,Kids,479.02448456884554
2022-03-14,Electronic,491.45925397935775
2022-03-14,Fashion,755.5700285410808
2022-03-14,Sport,497.70507837561075
2022-03-14,Kids,749.4844943071938
2022-03-15,Electronic,508.260261904207
2022-03-15,Fashion,724.8153625931631
2022-03-15,Sport,702.601463213653
2022-03-15,Kids,614.079296193129
2022-03-16,Electronic,564.4968823263054
2022-03-16,Fashion,534.5820717615348
2022-03-16,Sport,453.0462207747547
2022-03-16,Kids,578.2309545790006
2022-03-17,Electronic,652.9337274233126
2022-03-17,Fashion,795.001563778456
2022-03-17,Sport,787.4390625973801
2022-03-17,Kids,763.7504083658307
2022-03-18,Electronic,732.4441971747026
2022-03-18,Fashion,711.4485164202835
2022-03-18,Sport,560.1369975923617
2022-03-18,Kids,779.4807059807702
2022-03-19,Electronic,703.5520000435886
2022-03-19,Fashion,659.5127015199404
2022-03-19,Sport,456.71150543472965
2022-03-19,Kids,655.933253495968
2022-03-20,Electronic,628.9057989504114
2022-03-20,Fashion,819.1117907050909
2022-03-20,Sport,677.8236522897453
2022-03-20,Kids,592.8953540453103
2022-03-21,Electronic,832.3325666969588
2022-03-21,Fashion,478.5032494777772
2022-03-21,Sport,599.8982080532772
2022-03-21,Kids,453.60101701184703
2022-03-22,Electronic,721.179219564246
2022-03-22,Fashion,835.4255045646199
2022-03-22,Sport,509.7760036308839
2022-03-22,Kids,859.2625330609471
2022-03-23,Electronic,510.1683092013065
2022-03-23,Fashion,768.7511207510539
2022-03-23,Sport,759.7896261052541
2022-03-23,Kids,793.7093665637396
2022-03-24,Electronic,450.5416013671311
2022-03-24,Fashion,857.283042701586
2022-03-24,Sport,714.9163782581064
2022-03-24,Kids,535.8811505370646
2022-03-25,Electronic,759.8012334585812
2022-03-25,Fashion,539.1537346746129
2022-03-25,Sport,804.1243585982145
2022-03-25,Kids,486.61591704296916
2022-03-26,Electronic,683.6325520036198
2022-03-26,Fashion,657.0171926661486
2022-03-26,Sport,477.924808629522
2022-03-26,Kids,525.1040950323195
2022-03-27,Electronic,408.37192572085604
2022-03-27,Fashion,649.9722334918188
2022-03-27,Sport,555.9320245141848
2022-03-27,Kids,671.023059504191
2022-03-28,Electronic,533.9947431456665
2022-03-28,Fashion,583.3983654245918
2022-03-28,Sport,683.0655184784908
2022-03-28,Kids,420.76513305739275
2022-03-29,Electronic,769.9892868238372
2022-03-29,Fashion,789.6829907563845
2022-03-29,Sport,706.8337156431182
2022-03-29,Kids,741.0414802515727
2022-03-30,Electronic,814.1892494903831
2022-03-30,Fashion,526.2204385789562
2022-03-30,Sport,462.55564017771235
2022-03-30,Kids,514.1770786630303
2022-03-31,Electronic,749.9682250926121
2022-03-31,Fashion,462.7071649202376
2022-03-31,Sport,675.4965985358463
2022-03-31,Kids,824.029615759885
2022-04-01,Electronic,791.7049868084048
2022-04-01,Fashion,724.3722611009132
2022-04-01,Sport,456.03971310710506
2022-04-01,Kids,802.7631621815931
2022-04-02,Electronic,695.2957230222177
2022-04-02,Fashion,493.5292618359366
2022-04-02,Sport,479.265688383655
2022-04-02,Kids,821.7914618019997
2022-04-03,Electronic,706.7642342855424
2022-04-03,Fashion,767.2709828925208
2022-04-03,Sport,788.4807114945213
2022-04-03,Kids,704.9850348590735
2022-04-04,Electronic,687.8205412435601
2022-04-04,Fashion,671.4739446366942
2022-04-04,Sport,628.6818011494868
2022-04-04,Kids,607.1735273347106
2022-04-05,Electronic,774.1830198552213
2022-04-05,Fashion,713.5235307664794
2022-04-05,Sport,861.164942440007
2022-04-05,Kids,610.6000273027063
2022-04-06,Electronic,657.2595608374629
2022-04-06,Fashion,698.4833475392722
2022-04-06,Sport,612.5773778086207
2022-04-06,Kids,725.5366988599953
2022-04-07,Electronic,512.9686382725423
2022-04-07,Fashion,679.2827642545367
2022-04-07,Sport,492.71183116588463
2022-04-07,Kids,683.7012796612503
2022-04-08,Electronic,665.5026195171642
2022-04-08,Fashion,710.4288645220348
2022-04-08,Sport,795.1830578171076
2022-04-08,Kids,723.0545206989931
2022-04-09,Electronic,700.9074933369277
2022-04-09,Fashion,740.1312470611455
2022-04-09,Sport,732.1017392490942
2022-04-09,Kids,478.8748155529216
2022-04-10,Electronic,494.5933656947817
2022-04-10,Fashion,666.5575658289334
2022-04-10,Sport,629.7919158757961
2022-04-10,Kids,529.8522998892554
2022-04-11,Electronic,453.56142464211143
2022-04-11,Fashion,563.6097607517249
2022-04-11,Sport,834.1550027365812
2022-04-11,Kids,603.7985082383709
2022-04-12,Electronic,625.8529206389172
2022-04-12,Fashion,576.707836506021
2022-04-12,Sport,658.8218770872909
2022-04-12,Kids,578.251542692183
2022-04-13,Electronic,534.0982080190354
2022-04-13,Fashion,702.3796186352758
2022-04-13,Sport,471.2430736991427
2022-04-13,Kids,436.010832153057
2022-04-14,Electronic,490.4502523648283
2022-04-14,Fashion,539.3002952040594
2022-04-14,Sport,502.02587585781816
2022-04-14,Kids,583.0010771098674
2022-04-15,Electronic,817.5688310976009
2022-04-15,Fashion,712.9837441822633
2022-04-15,Sport,690.4460059044814
2022-04-15,Kids,594.7586761326024
2022-04-16,Electronic,885.6777716734323
2022-04-16,Fashion,703.3829022074474
2022-04-16,Sport,478.5220284177825
2022-04-16,Kids,757.1777435766768
2022-04-17,Electronic,517.2043281858873
2022-04-17,Fashion,670.1292239610722
2022-04-17,Sport,626.3247639774128
2022-04-17,Kids,851.3931186663233
2022-04-18,Electronic,682.6329052030735
2022-04-18,Fashion,701.7427310552797
2022-04-18,Sport,815.0905186811933
2022-04-18,Kids,460.26098327605064
2022-04-19,Electronic,556.4257897898557
2022-04-19,Fashion,669.2004129861748
2022-04-19,Sport,668.417367593798
2022-04-19,Kids,647.3863628055259
2022-04-20,Electronic,867.6720981589915
2022-04-20,Fashion,722.8524822140834
2022-04-20,Sport,647.8298432248577
2022-04-20,Kids,603.5356869145005
2022-04-21,Electronic,797.961194079774
2022-04-21,Fashion,869.1548859703006
2022-04-21,Sport,723.3791269419712
2022-04-21,Kids,480.5837637705646
2022-04-22,Electronic,673.5033861351403
2022-04-22,Fashion,534.2546720270293
2022-04-22,Sport,572.1177585933173
2022-04-22,Kids,475.33716454072817
2022-04-23,Electronic,685.3329428904235
2022-04-23,Fashion,727.5812016859635
2022-04-23,Sport,503.1454515389361
2022-04-23,Kids,672.734765204766
2022-04-24,Electronic,613.3074375767658
2022-04-24,Fashion,658.2284217245475
2022-04-24,Sport,492.8868870275194
2022-04-24,Kids,626.9439515611928
2022-04-25,Electronic,758.7987698631921
2022-04-25,Fashion,484.98049605235855
2022-04-25,Sport,477.0009880108074
2022-04-25,Kids,588.4443289553225
2022-04-26,Electronic,898.3243463273694
2022-04-26,Fashion,763.9293157909171
2022-04-26,Sport,713.1685251215561
2022-04-26,Kids,642.0649855185361
2022-04-27,Electronic,697.9406288388443
2022-04-27,Fashion,492.7129526432859
2022-04-27,Sport,736.7095734112735
2022-04-27,Kids,882.9813950359966
2022-04-28,Electronic,694.1143529096119
2022-04-28,Fashion,826.7499807233295
2022-04-28,Sport,746.3376712718882
2022-04-28,Kids,460.15612579573065
2022-04-29,Electronic,781.6794372022263
2022-04-29,Fashion,575.1696267549282
2022-04-29,Sport,729.0898665779902
2022-04-29,Kids,541.9847419790636
2022-04-30,Electronic,489.2870454917269
2022-04-30,Fashion,680.7879403838537
2022-04-30,Sport,677.6903996230119
2022-04-30,Kids,728.777627111559
2022-05-01,Electronic,695.5039654109357
2022-05-01,Fashion,485.25001921580974
2022-05-01,Sport,469.4694669033095
2022-05-01,Kids,727.1166473739845
2022-05-02,Electronic,584.1918035259189
2022-05-02,Fashion,744.0067230127245
2022-05-02,Sport,711.1348575248848
2022-05-02,Kids,798.2721804540743
2022-05-03,Electronic,798.3806104890978
2022-05-03,Fashion,708.6345391293164
2022-05-03,Sport,739.7167004875052
2022-05-03,Kids,661.1812837940876
2022-05-04,Electronic,596.7695256637905
2022-05-04,Fashion,790.8955250281921
2022-05-04,Sport,696.1846058017995
2022-05-04,Kids,838.7909108132271
2022-05-05,Electronic,770.9284879144408
2022-05-05,Fashion,843.8650503458114
2022-05-05,Sport,813.4624698118632
2022-05-05,Kids,625.9191745446436
2022-05-06,Electronic,629.562822985174
2022-05-06,Fashion,810.6954207714933
2022-05-06,Sport,580.742711391246
2022-05-06,Kids,763.4028207734939
2022-05-07,Electronic,738.0996833684903
2022-05-07,Fashion,768.2870320428642
2022-05-07,Sport,607.4339524654978
2022-05-07,Kids,541.1197883560922
2022-05-08,Electronic,650.2058457616894
2022-05-08,Fashion,538.96960728812
2022-05-08,Sport,840.69098038538
2022-05-08,Kids,642.5541889259616
2022-05-09,Electronic,532.3077651756449
2022-05-09,Fashion,490.73758135957206
2022-05-09,Sport,718.7181222898515
2022-05-09,Kids,788.507312193491
2022-05-10,Electronic,630.1153361074018
2022-05-10,Fashion,508.1081513416972
2022-05-10,Sport,645.6776809671235
2022-05-10,Kids,659.4393934972162
2022-05-11,Electronic,700.7660974603625
2022-05-11,Fashion,777.8726667067538
2022-05-11,Sport,605.9587785106406
2022-05-11,Kids,617.1279751027566
2022-05-12,Electronic,853.4704579198074
2022-05-12,Fashion,634.0095082391385
2022-05-12,Sport,707.6372673294461
2022-05-12,Kids,569.2503140106464
2022-05-13,Electronic,684.3352472230958
2022-05-13,Fashion,497.2285202132582
2022-05-13,Sport,703.6475132351934
2022-05-13,Kids,840.146068359975
2022-05-14,Electronic,635.1618296964391
2022-05-14,Fashion,492.15566799236234
2022-05-14,Sport,476.2887715952111
2022-05-14,Kids,670.8921190132838
2022-05-15,Electronic,522.8129582421436
2022-05-15,Fashion,517.0353004774622
2022-05-15,Sport,817.2896144718886
2022-05-15,Kids,678.6026035040613
2022-05-16,Electronic,626.5379029202468
2022-05-16,Fashion,842.286903361995
2022-05-16,Sport,548.1189401868995
2022-05-16,Kids,949.5532025359234
2022-05-17,Electronic,538.3604288701994
2022-05-17,Fashion,850.9809320342276
2022-05-17,Sport,745.4123913302778
2022-05-17,Kids,841.6532784620132
2022-05-18,Electronic,892.816564562248
2022-05-18,Fashion,619.3110160980364
2022-05-18,Sport,875.1288108641472
2022-05-18,Kids,669.7671316453223
2022-05-19,Electronic,678.4689929753324
2022-05-19,Fashion,672.3909151375691
2022-05-19,Sport,715.9218920320594
2022-05-19,Kids,568.0115542263393
2022-05-20,Electronic,697.2410228056451
2022-05-20,Fashion,729.5713686640337
2022-05-20,Sport,806.9789046979123
2022-05-20,Kids,840.8409125617096
2022-05-21,Electronic,676.4082473703236
2022-05-21,Fashion,725.4938823379871
2022-05-21,Sport,621.4061615682501
2022-05-21,Kids,589.9002495176128
2022-05-22,Electronic,551.787758236836
2022-05-22,Fashion,653.5192473358787
2022-05-22,Sport,539.6476484892854
2022-05-22,Kids,876.0916257721461
2022-05-23,Electronic,660.8059267153958
2022-05-23,Fashion,658.8717148021005
2022-05-23,Sport,726.5857456193188
2022-05-23,Kids,640.5078326217592
2022-05-24,Electronic,682.4253208938061
2022-05-24,Fashion,776.6061095313064
2022-05-24,Sport,715.4413001524853
2022-05-24,Kids,610.8217844464536
2022-05-25,Electronic,900.7616384569824
2022-05-25,Fashion,915.261667224117
2022-05-25,Sport,701.158642044227
2022-05-25,Kids,796.6284898313095
2022-05-26,Electronic,755.7267764623583
2022-05-26,Fashion,602.3437089977753
2022-05-26,Sport,674.3462455966082
2022-05-26,Kids,625.4503708718212
2022-05-27,Electronic,694.135941108024
2022-05-27,Fashion,764.2996208437235
2022-05-27,Sport,575.780605916615
2022-05-27,Kids,887.4054474733992
2022-05-28,Electronic,888.3073034866087
2022-05-28,Fashion,797.5767379881047
2022-05-28,Sport,715.1170232381114
2022-05-28,Kids,864.1542686069104
2022-05-29,Electronic,567.3995630710077
2022-05-29,Fashion,869.138830423361
2022-05-29,Sport,581.8237546837071
2022-05-29,Kids,834.0644602906152
2022-05-30,Electronic,604.1338561648186
2022-05-30,Fashion,857.9084309468049
2022-05-30,Sport,866.2111166509528
2022-05-30,Kids,608.3008280955391
2022-05-31,Electronic,710.8568236024411
2022-05-31,Fashion,902.8893072869872
2022-05-31,Sport,722.5280750693515
2022-05-31,Kids,929.7894109870682
2022-06-01,Electronic,752.1264251800083
2022-06-01,Fashion,762.7735354968543
2022-06-01,Sport,595.3305154680102
2022-06-01,Kids,575.995552587766
2022-06-02,Electronic,756.7422844685659
2022-06-02,Fashion,754.9353364043602
2022-06-02,Sport,729.5257699555376
2022-06-02,Kids,734.6001131339915
2022-06-03,Electronic,745.8491320213087
2022-06-03,Fashion,853.5594063932331
2022-06-03,Sport,972.2067583603381
2022-06-03,Kids,708.5179632601983
2022-06-04,Electronic,841.9817203729757
2022-06-04,Fashion,881.1694855530093
2022-06-04,Sport,751.5341652266385
2022-06-04,Kids,932.5624906022351
2022-06-05,Electronic,565.3217263941556
2022-06-05,Fashion,611.293929596129
2022-06-05,Sport,906.8916755225737
2022-06-05,Kids,766.4034744227697
2022-06-06,Electronic,896.5831404820061
2022-06-06,Fashion,890.8323177266433
2022-06-06,Sport,505.2948928398712
2022-06-06,Kids,893.9833629909365
2022-06-07,Electronic,692.1532156702758
2022-06-07,Fashion,796.9485056512624
2022-06-07,Sport,711.0169116996856
2022-06-07,Kids,970.43345771931
2022-06-08,Electronic,515.2138931222282
2022-06-08,Fashion,730.1388995782505
2022-06-08,Sport,757.0333780221116
2022-06-08,Kids,778.8551072562972
2022-06-09,Electronic,815.1696285952391
2022-06-09,Fashion,612.5673447358774
2022-06-09,Sport,594.5209468179794
2022-06-09,Kids,647.1969146830404
2022-06-10,Electronic,826.3167267084826
2022-06-10,Fashion,729.1271854147009
2022-06-10,Sport,591.1096296213577
2022-06-10,Kids,880.7538196407202
2022-06-11,Electronic,511.94225289203996
2022-06-11,Fashion,948.2333706849521
2022-06-11,Sport,705.5911510239418
2022-06-11,Kids,881.2181686822927
2022-06-12,Electronic,627.8427995552938
2022-06-12,Fashion,591.0972325077994
2022-06-12,Sport,867.5395671960493
2022-06-12,Kids,926.164537911365
2022-06-13,Electronic,806.2007151416858
2022-06-13,Fashion,578.997489897943
2022-06-13,Sport,896.6488860772065
2022-06-13,Kids,864.0648349566404
2022-06-14,Electronic,783.0648542561796
2022-06-14,Fashion,868.6547930591976
2022-06-14,Sport,863.5418879248978
2022-06-14,Kids,796.1582620468762
2022-06-15,Electronic,538.61664076608
2022-06-15,Fashion,739.8257404437687
2022-06-15,Sport,550.4617511467775
2022-06-15,Kids,701.1127300386752
2022-06-16,Electronic,662.9956837083976
2022-06-16,Fashion,596.0815796991587
2022-06-16,Sport,653.4173586036276
2022-06-16,Kids,655.5005325784584
2022-06-17,Electronic,766.4572974442061
2022-06-17,Fashion,985.6002262857662
2022-06-17,Sport,589.001453570412
2022-06-17,Kids,869.2851170900876
2022-06-18,Electronic,722.5961657584414
2022-06-18,Fashion,675.0697846210857
2022-06-18,Sport,512.3656331150846
2022-06-18,Kids,734.1799693163326
2022-06-19,Electronic,809.4889424323246
2022-06-19,Fashion,915.9163268699297
2022-06-19,Sport,573.1607563800134
2022-06-19,Kids,636.1651624719569
2022-06-20,Electronic,708.953321128198
2022-06-20,Fashion,648.8549492399725
2022-06-20,Sport,603.371967387872
2022-06-20,Kids,693.3760630526164
2022-06-21,Electronic,812.0369553596879
2022-06-21,Fashion,970.1283957081782
2022-06-21,Sport,682.1390081739748
2022-06-21,Kids,914.5179802810705
2022-06-22,Electronic,678.3886180067959
2022-06-22,Fashion,780.7221199048602
2022-06-22,Sport,608.0441526133659
2022-06-22,Kids,863.3054215265478
2022-06-23,Electronic,888.7759308573112
2022-06-23,Fashion,839.1093818058065
2022-06-23,Sport,690.5340559998557
2022-06-23,Kids,816.1774684048371
2022-06-24,Electronic,589.7214928226493
2022-06-24,Fashion,887.3466202793654
2022-06-24,Sport,759.7236216573724
2022-06-24,Kids,742.4990912711214
2022-06-25,Electronic,750.5873016889134
2022-06-25,Fashion,865.9855695535814
2022-06-25,Sport,539.5030886973993
2022-06-25,Kids,794.3276661935595
2022-06-26,Electronic,583.1507199974178
2022-06-26,Fashion,887.0897189433866
2022-06-26,Sport,823.6779602557133
2022-06-26,Kids,954.9242763135378
2022-06-27,Electronic,692.7732739574133
2022-06-27,Fashion,850.217309259665
2022-06-27,Sport,597.7116777826125
2022-06-27,Kids,880.0227320150212
2022-06-28,Electronic,627.6007949590326
2022-06-28,Fashion,795.5086077053917
2022-06-28,Sport,647.9652114828766
2022-06-28,Kids,666.7622956858401
2022-06-29,Electronic,791.7883697550174
2022-06-29,Fashion,610.9898311879429
2022-06-29,Sport,825.0881888225258
2022-06-29,Kids,701.0031597357478
2022-06-30,Electronic,546.9802379608636
2022-06-30,Fashion,728.1163627900225
2022-06-30,Sport,515.9875084401776
2022-06-30,Kids,713.7897587268471
2022-07-01,Electronic,826.7627119722785
2022-07-01,Fashion,605.0678331554345
2022-07-01,Sport,875.1345687805166
2022-07-01,Kids,592.3471749049379
2022-07-02,Electronic,622.53675727148
2022-07-02,Fashion,856.3426523463453
2022-07-02,Sport,672.3834175446532
2022-07-02,Kids,586.5139080098793
2022-07-03,Electronic,697.4949963454515
2022-07-03,Fashion,636.2489201858633
2022-07-03,Sport,909.1132761378374
2022-07-03,Kids,723.2262327646675
2022-07-04,Electronic,865.5615730475115
2022-07-04,Fashion,982.8949641155631
2022-07-04,Sport,765.7988934721815
2022-07-04,Kids,982.172517509699
2022-07-05,Electronic,639.1625331068662
2022-07-05,Fashion,931.7204419474042
2022-07-05,Sport,560.4327909408973
2022-07-05,Kids,859.7593548971378
2022-07-06,Electronic,757.6707714122298
2022-07-06,Fashion,722.4712064471955
2022-07-06,Sport,803.3031390491373
2022-07-06,Kids,840.4890494059815
2022-07-07,Electronic,529.169004539596
2022-07-07,Fashion,611.0645129354205
2022-07-07,Sport,803.290653639631
2022-07-07,Kids,805.9759734654801
2022-07-08,Electronic,904.0658813852278
2022-07-08,Fashion,938.6539130858877
2022-07-08,Sport,898.750193350654
2022-07-08,Kids,961.2264959601546
2022-07-09,Electronic,682.097343559127
2022-07-09,Fashion,646.4923770456658
2022-07-09,Sport,835.0557350094609
2022-07-09,Kids,871.5936112927579
2022-07-10,Electronic,551.2360394009545
2022-07-10,Fashion,747.4894627645474
2022-07-10,Sport,1008.7532315725475
2022-07-10,Kids,787.5675925629484
2022-07-11,Electronic,757.9544695810675
2022-07-11,Fashion,758.227029220724
2022-07-11,Sport,632.888050271772
2022-07-11,Kids,801.5762752085454
2022-07-12,Electronic,680.6547521996991
2022-07-12,Fashion,688.0363100090321
2022-07-12,Sport,879.798071009293
2022-07-12,Kids,740.3769740667907
2022-07-13,Electronic,900.5364945905427
2022-07-13,Fashion,978.3819298652897
2022-07-13,Sport,656.1442284382869
2022-07-13,Kids,802.7912199795778
2022-07-14,Electronic,720.9447602366005
2022-07-14,Fashion,947.7674089041245
2022-07-14,Sport,637.909422643734
2022-07-14,Kids,889.0026496921377
2022-07-15,Electronic,803.4318789290866
2022-07-15,Fashion,676.0481941151695
2022-07-15,Sport,621.046296990648
2022-07-15,Kids,879.5264052758445
2022-07-16,Electronic,868.3865428447097
2022-07-16,Fashion,772.5436590099218
2022-07-16,Sport,839.1045523992389
2022-07-16,Kids,772.9698196637504
2022-07-17,Electronic,840.48547427698
2022-07-17,Fashion,628.6607471202763
2022-07-17,Sport,926.2822399361396
2022-07-17,Kids,722.4252153292484
2022-07-18,Electronic,713.7232986798608
2022-07-18,Fashion,587.4276782564549
2022-07-18,Sport,570.6347271778011
2022-07-18,Kids,844.7435724900445
2022-07-19,Electronic,665.4658006908735
2022-07-19,Fashion,970.2645769407537
2022-07-19,Sport,566.34229136128
2022-07-19,Kids,755.5636997357409
2022-07-20,Electronic,723.8559636561478
2022-07-20,Fashion,602.0765190742918
2022-07-20,Sport,613.4002136776644
2022-07-20,Kids,753.5082040935469
2022-07-21,Electronic,746.0340238790861
2022-07-21,Fashion,764.8933947647688
2022-07-21,Sport,780.962161436926
2022-07-21,Kids,826.8733912809739
2022-07-22,Electronic,604.719135295263
2022-07-22,Fashion,769.1245085938071
2022-07-22,Sport,942.8704701071176
2022-07-22,Kids,799.1454019353002
2022-07-23,Electronic,878.6570127449625
2022-07-23,Fashion,748.8984381980931
2022-07-23,Sport,904.7826566759333
2022-07-23,Kids,865.4432104633827
2022-07-24,Electronic,781.9145424223486
2022-07-24,Fashion,1040.8937764156676
2022-07-24,Sport,618.0732209679395
2022-07-24,Kids,653.6862636985043
2022-07-25,Electronic,859.0830927382889
2022-07-25,Fashion,993.4448766387877
2022-07-25,Sport,683.5882968952695
2022-07-25,Kids,704.4953220295928
2022-07-26,Electronic,561.3481773969361
2022-07-26,Fashion,790.8760547192323
2022-07-26,Sport,924.3362216316978
2022-07-26,Kids,801.1918024423595
2022-07-27,Electronic,695.4787866005934
2022-07-27,Fashion,761.1668566589385
2022-07-27,Sport,529.0540888013129
2022-07-27,Kids,701.4212390529935
2022-07-28,Electronic,798.4592736526101
2022-07-28,Fashion,986.0370651827942
2022-07-28,Sport,907.7837841719563
2022-07-28,Kids,632.63550149699
2022-07-29,Electronic,977.0931028082041
2022-07-29,Fashion,902.7232352374692
2022-07-29,Sport,912.8339675365359
2022-07-29,Kids,792.0548478996895
2022-07-30,Electronic,730.0258981999204
2022-07-30,Fashion,772.2290240205056
2022-07-30,Sport,564.9039752425697
2022-07-30,Kids,722.370794206229
2022-07-31,Electronic,677.09655869914
2022-07-31,Fashion,839.5129195422201
2022-07-31,Sport,881.1143604174506
2022-07-31,Kids,894.4978977945215
2022-08-01,Electronic,578.6209648667093
2022-08-01,Fashion,993.5384915536777
2022-08-01,Sport,933.0108964602866
2022-08-01,Kids,915.0187334733698
2022-08-02,Electronic,953.1787775757234
2022-08-02,Fashion,891.5206051630539
2022-08-02,Sport,1003.4916983102089
2022-08-02,Kids,631.9966651962379
2022-08-03,Electronic,698.2247090344986
2022-08-03,Fashion,739.4311595403092
2022-08-03,Sport,638.6896192483557
2022-08-03,Kids,701.5507162554363
2022-08-04,Electronic,833.1300703288607
2022-08-04,Fashion,891.6542618513292
2022-08-04,Sport,855.8214388849692
2022-08-04,Kids,746.0638793167041
2022-08-05,Electronic,885.296616489626
2022-08-05,Fashion,875.5015497847191
2022-08-05,Sport,743.0730134033146
2022-08-05,Kids,907.1273366332018
2022-08-06,Electronic,704.1029352619335
2022-08-06,Fashion,846.9057852548112
2022-08-06,Sport,942.0705358125899
2022-08-06,Kids,715.3767833251068
2022-08-07,Electronic,728.1541919612004
2022-08-07,Fashion,967.5891273666507
2022-08-07,Sport,863.6331924592587
2022-08-07,Kids,716.1523541505421
2022-08-08,Electronic,626.0851864328107
2022-08-08,Fashion,650.4237717985363
2022-08-08,Sport,834.5683369017905
2022-08-08,Kids,850.4708270425426
2022-08-09,Electronic,713.3640669832728
2022-08-09,Fashion,1004.6777572129613
2022-08-09,Sport,781.0268601488551
2022-08-09,Kids,764.4567944964193
2022-08-10,Electronic,805.6981731506723
2022-08-10,Fashion,980.3295968205402
2022-08-10,Sport,633.0135327492046
2022-08-10,Kids,729.8063028416097
2022-08-11,Electronic,926.6596874282129
2022-08-11,Fashion,867.1638924466645
2022-08-11,Sport,829.3991684026851
2022-08-11,Kids,824.727145818697
2022-08-12,Electronic,636.867910052569
2022-08-12,Fashion,753.1637839533373
2022-08-12,Sport,806.9891175355745
2022-08-12,Kids,741.5713399211163
2022-08-13,Electronic,603.4396075159043
2022-08-13,Fashion,988.8954044861753
2022-08-13,Sport,1017.1338191224356
2022-08-13,Kids,925.2028626526042
2022-08-14,Electronic,942.1895525634384
2022-08-14,Fashion,730.1691164214947
2022-08-14,Sport,974.7285195087089
2022-08-14,Kids,761.4007123572421
2022-08-15,Electronic,977.0741269545608
2022-08-15,Fashion,1048.5225102430786
2022-08-15,Sport,834.6626688382528
2022-08-15,Kids,1057.8071367584507
2022-08-16,Electronic,839.1035141841506
2022-08-16,Fashion,832.001575617125
2022-08-16,Sport,757.4880841407353
2022-08-16,Kids,885.6715586966752
2022-08-17,Electronic,629.7910583990517
2022-08-17,Fashion,957.4179316106911
2022-08-17,Sport,982.6891918102324
2022-08-17,Kids,727.7318902385298
2022-08-18,Electronic,929.5057110376187
2022-08-18,Fashion,1022.9543690223998
2022-08-18,Sport,958.3183979223418
2022-08-18,Kids,1034.1166222828504
2022-08-19,Electronic,836.1774233689973
2022-08-19,Fashion,1008.4301508793418
2022-08-19,Sport,902.2977884627971
2022-08-19,Kids,684.7797305872982
2022-08-20,Electronic,823.1499029933948
2022-08-20,Fashion,888.3438954227395
2022-08-20,Sport,678.7069324479473
2022-08-20,Kids,915.4100275083516
2022-08-21,Electronic,911.2982201879856
2022-08-21,Fashion,719.9436573555679
2022-08-21,Sport,807.0704468726142
2022-08-21,Kids,1021.798954129556
2022-08-22,Electronic,754.9640026480433
2022-08-22,Fashion,584.2996168875047
2022-08-22,Sport,615.6619749794706
2022-08-22,Kids,773.8936858895096
2022-08-23,Electronic,939.8406428587914
2022-08-23,Fashion,776.9715439442202
2022-08-23,Sport,861.0594969618109
2022-08-23,Kids,719.0875962015427
2022-08-24,Electronic,691.4127100575388
2022-08-24,Fashion,1032.0099150432943
2022-08-24,Sport,912.2044584005848
2022-08-24,Kids,686.0347095391596
2022-08-25,Electronic,829.1876105836957
2022-08-25,Fashion,635.9140846395951
2022-08-25,Sport,748.8979958211537
2022-08-25,Kids,893.4491299268914
2022-08-26,Electronic,649.4950074101341
2022-08-26,Fashion,788.4680418931293
2022-08-26,Sport,755.3591069267113
2022-08-26,Kids,1034.1728102788818
2022-08-27,Electronic,964.371208058857
2022-08-27,Fashion,735.4785068833452
2022-08-27,Sport,906.5540186617643
2022-08-27,Kids,843.1795960511372
2022-08-28,Electronic,773.034265652354
2022-08-28,Fashion,985.0721821514222
2022-08-28,Sport,990.2328220343604
2022-08-28,Kids,1052.7720066323946
2022-08-29,Electronic,857.0537941344317
2022-08-29,Fashion,859.0056471126609
2022-08-29,Sport,927.8383463576326
2022-08-29,Kids,783.292607897441
2022-08-30,Electronic,831.0144637817134
2022-08-30,Fashion,864.967912058438
2022-08-30,Sport,850.4375834982953
2022-08-30,Kids,818.6155572323582
2022-08-31,Electronic,684.6632090053693
2022-08-31,Fashion,986.8646540708482
2022-08-31,Sport,653.7953748579077
2022-08-31,Kids,839.3155858515827
2022-09-01,Electronic,723.9450350394807
2022-09-01,Fashion,664.5390605369194
2022-09-01,Sport,611.4066397047426
2022-09-01,Kids,666.070167874622
2022-09-02,Electronic,944.6774137633895
2022-09-02,Fashion,699.5779956783222
2022-09-02,Sport,944.2050450640081
2022-09-02,Kids,922.7249686222663
2022-09-03,Electronic,810.9119883593391
2022-09-03,Fashion,922.5827753228098
2022-09-03,Sport,790.3623774889384
2022-09-03,Kids,966.6482963456531
2022-09-04,Electronic,726.7365040625778
2022-09-04,Fashion,776.1344124445741
2022-09-04,Sport,1016.5858239124686
2022-09-04,Kids,1075.4441315841568
2022-09-05,Electronic,965.3943657796999
2022-09-05,Fashion,846.7470877867286
2022-09-05,Sport,933.3976854411792
2022-09-05,Kids,786.5735729255894
2022-09-06,Electronic,807.7544655366692
2022-09-06,Fashion,736.7052260796081
2022-09-06,Sport,822.5573671604052
2022-09-06,Kids,733.4620026964845
2022-09-07,Electronic,803.8641677400554
2022-09-07,Fashion,1045.851654422817
2022-09-07,Sport,683.0026462985504
2022-09-07,Kids,718.6960191091464
2022-09-08,Electronic,688.045238604245
2022-09-08,Fashion,1091.7544669399488
2022-09-08,Sport,823.0186247438776
2022-09-08,Kids,812.6605030455737
2022-09-09,Electronic,964.9135164269596
2022-09-09,Fashion,1032.0343065778509
2022-09-09,Sport,779.3475944624583
2022-09-09,Kids,972.5628514330024
2022-09-10,Electronic,960.7049385695655
2022-09-10,Fashion,927.5148840532784
2022-09-10,Sport,720.9290826583003
2022-09-10,Kids,1031.499988801826
2022-09-11,Electronic,899.8187241962385
2022-09-11,Fashion,774.4859014044694
2022-09-11,Sport,844.093265193112
2022-09-11,Kids,697.5322366576786
2022-09-12,Electronic,654.6811034574566
2022-09-12,Fashion,976.4911178726963
2022-09-12,Sport,613.4711577332398
2022-09-12,Kids,858.3952164400608
2022-09-13,Electronic,848.9199063060696
2022-09-13,Fashion,690.2774909355232
2022-09-13,Sport,1012.731396651873
2022-09-13,Kids,843.6988258205149
2022-09-14,Electronic,798.8903983421492
2022-09-14,Fashion,827.7461954718146
2022-09-14,Sport,718.6913845766014
2022-09-14,Kids,684.4060098850484
2022-09-15,Electronic,936.6819183555726
2022-09-15,Fashion,1041.7638214187255
2022-09-15,Sport,708.5345587297792
2022-09-15,Kids,887.7799725971919
2022-09-16,Electronic,936.4275321539521
2022-09-16,Fashion,1055.8999746962777
2022-09-16,Sport,782.24839262877
2022-09-16,Kids,858.5695912790152
2022-09-17,Electronic,722.191237565296
2022-09-17,Fashion,926.946422167236
2022-09-17,Sport,962.2914950052075
2022-09-17,Kids,792.9478738479127
2022-09-18,Electronic,828.8942340068422
2022-09-18,Fashion,1040.2562452363782
2022-09-18,Sport,985.0378328808346
2022-09-18,Kids,1077.5955646724656
2022-09-19,Electronic,927.6743310284537
2022-09-19,Fashion,886.4744535453044
2022-09-19,Sport,886.9786661041038
2022-09-19,Kids,895.5781300506333
2022-09-20,Electronic,707.9862293263187
2022-09-20,Fashion,966.251303160085
2022-09-20,Sport,897.2691426514502
2022-09-20,Kids,768.473952963041
2022-09-21,Electronic,960.5351310202434
2022-09-21,Fashion,943.0472139291514
2022-09-21,Sport,997.8410981252136
2022-09-21,Kids,682.5005629433864
2022-09-22,Electronic,739.979217507828
2022-09-22,Fashion,984.3782579517283
2022-09-22,Sport,769.5473541355898
2022-09-22,Kids,963.1827793900985
2022-09-23,Electronic,962.5223050974536
2022-09-23,Fashion,641.381928206984
2022-09-23,Sport,875.773987463101
2022-09-23,Kids,834.397009209958
2022-09-24,Electronic,773.7621567671995
2022-09-24,Fashion,1037.1695211290198
2022-09-24,Sport,929.0851606007382
2022-09-24,Kids,1012.589613399026
2022-09-25,Electronic,909.7765413315653
2022-09-25,Fashion,902.852904959861
2022-09-25,Sport,1005.0671141491779
2022-09-25,Kids,988.9576767772003
2022-09-26,Electronic,933.1278506249034
2022-09-26,Fashion,1005.5655645210727
2022-09-26,Sport,778.7474095510598
2022-09-26,Kids,1001.316111905266
2022-09-27,Electronic,671.7833996074197
2022-09-27,Fashion,831.1861735647208
2022-09-27,Sport,819.6515908115819
2022-09-27,Kids,1118.2833329450132
2022-09-28,Electronic,973.6937870053964
2022-09-28,Fashion,977.7408211267943
2022-09-28,Sport,922.7121146480962
2022-09-28,Kids,995.9768356471964
2022-09-29,Electronic,1032.986638102662
2022-09-29,Fashion,925.2157696825923
2022-09-29,Sport,825.8078952612208
2022-09-29,Kids,773.3794476462567
2022-09-30,Electronic,950.5571503759559
2022-09-30,Fashion,999.3243628785619
2022-09-30,Sport,795.4401314733859
2022-09-30,Kids,709.9284334596935
2022-10-01,Electronic,1002.4278173963137
2022-10-01,Fashion,720.4372452706923
2022-10-01,Sport,948.4591141680878
2022-10-01,Kids,1087.7777635866223
2022-10-02,Electronic,823.5774331226103
2022-10-02,Fashion,737.4387527398405
2022-10-02,Sport,955.5920804122733
2022-10-02,Kids,1042.8245073088176
2022-10-03,Electronic,895.8201220346207
2022-10-03,Fashion,999.3181472567164
2022-10-03,Sport,730.6264221142985
2022-10-03,Kids,902.2249100286879
2022-10-04,Electronic,969.088601892684
2022-10-04,Fashion,1025.7734212369987
2022-10-04,Sport,738.5470003765316
2022-10-04,Kids,989.6703095328561
2022-10-05,Electronic,851.9851460819286
2022-10-05,Fashion,947.0650630736511
2022-10-05,Sport,696.5809240241217
2022-10-05,Kids,1061.6130695094707
2022-10-06,Electronic,739.7805459617796
2022-10-06,Fashion,862.6827685737304
2022-10-06,Sport,771.3000107085129
2022-10-06,Kids,1070.5700179934288
2022-10-07,Electronic,993.1067421637842
2022-10-07,Fashion,1038.905974491032
2022-10-07,Sport,758.1432078415255
2022-10-07,Kids,997.299466779989
2022-10-08,Electronic,914.9410943231621
2022-10-08,Fashion,1099.5575494077898
2022-10-08,Sport,1034.6736539303029
2022-10-08,Kids,676.7806135684647
2022-10-09,Electronic,972.8416828233192
2022-10-09,Fashion,704.5428085761419
2022-10-09,Sport,882.8532992188825
2022-10-09,Kids,801.9226676360245
2022-10-10,Electronic,776.1711047956821
2022-10-10,Fashion,879.4803866134064
2022-10-10,Sport,913.5423114679677
2022-10-10,Kids,863.0025972811272
2022-10-11,Electronic,998.029419846333
2022-10-11,Fashion,905.984342930205
2022-10-11,Sport,676.5550426037255
2022-10-11,Kids,1063.2085263452739
2022-10-12,Electronic,807.6797521971293
2022-10-12,Fashion,858.1436397255425
2022-10-12,Sport,949.7918630765641
2022-10-12,Kids,874.8312011480587
2022-10-13,Electronic,672.5535112040403
2022-10-13,Fashion,929.7092486997284
2022-10-13,Sport,1032.1239193128995
2022-10-13,Kids,979.7427809447734
2022-10-14,Electronic,923.3995047383667
2022-10-14,Fashion,985.4737071679888
2022-10-14,Sport,706.7086029769187
2022-10-14,Kids,836.9317647501118
2022-10-15,Electronic,1009.3649173959225
2022-10-15,Fashion,743.4431658664192
2022-10-15,Sport,742.5531861060418
2022-10-15,Kids,756.5051432563653
2022-10-16,Electronic,815.9464109148096
2022-10-16,Fashion,1079.2854945834347
2022-10-16,Sport,738.5691657853122
2022-10-16,Kids,965.5163035715378
2022-10-17,Electronic,714.562900911091
2022-10-17,Fashion,1205.512153310139
2022-10-17,Sport,738.235904962272
2022-10-17,Kids,874.1097640602962
2022-10-18,Electronic,884.7872071030199
2022-10-18,Fashion,1101.8341653627062
2022-10-18,Sport,792.0196653700497
2022-10-18,Kids,806.4053264222115
2022-10-19,Electronic,855.4912951506682
2022-10-19,Fashion,932.4646688147465
2022-10-19,Sport,789.4305908072663
2022-10-19,Kids,939.6834674561578
2022-10-20,Electronic,792.1792096000785
2022-10-20,Fashion,886.0153183826833
2022-10-20,Sport,952.3933600065027
2022-10-20,Kids,1125.333555595808
2022-10-21,Electronic,912.6578364192294
2022-10-21,Fashion,770.2307419139113
2022-10-21,Sport,675.6914309525496
2022-10-21,Kids,1100.1687375709662
2022-10-22,Electronic,737.358380927841
2022-10-22,Fashion,776.3634909453021
2022-10-22,Sport,879.1908708763942
2022-10-22,Kids,941.6031159827853
2022-10-23,Electronic,935.183367966695
2022-10-23,Fashion,901.5344319129606
2022-10-23,Sport,703.9783872504748
2022-10-23,Kids,1063.1540112703622
2022-10-24,Electronic,742.2068357177925
2022-10-24,Fashion,1050.1244318347487
2022-10-24,Sport,924.7157876837962
2022-10-24,Kids,969.6023450434369
2022-10-25,Electronic,814.3568283485035
2022-10-25,Fashion,820.8088703613046
2022-10-25,Sport,914.9208859577677
2022-10-25,Kids,1034.5550534302317
2022-10-26,Electronic,1034.4986160969756
2022-10-26,Fashion,802.489856006019
2022-10-26,Sport,687.9877868792917
2022-10-26,Kids,1129.464965495692
2022-10-27,Electronic,969.0249573661166
2022-10-27,Fashion,1123.0871682909265
2022-10-27,Sport,762.7704776760771
2022-10-27,Kids,1020.2792634928453
2022-10-28,Electronic,960.3664190002728
2022-10-28,Fashion,1007.9707700828953
2022-10-28,Sport,843.083447591494
2022-10-28,Kids,764.0195415389508
2022-10-29,Electronic,911.9439171391687
2022-10-29,Fashion,855.471147324414
2022-10-29,Sport,836.3496401306458
2022-10-29,Kids,1100.0231816115515
2022-10-30,Electronic,795.9975073645215
2022-10-30,Fashion,1153.0592515743465
2022-10-30,Sport,716.5618836995004
2022-10-30,Kids,986.2709788256163
2022-10-31,Electronic,1048.865948423886
2022-10-31,Fashion,828.5129794576361
2022-10-31,Sport,674.0948711575006
2022-10-31,Kids,959.9887049812419
2022-11-01,Electronic,697.6147052624616
2022-11-01,Fashion,1066.3206066336263
2022-11-01,Sport,1021.5282847108617
2022-11-01,Kids,992.9193777863413
2022-11-02,Electronic,749.779781214368
2022-11-02,Fashion,943.2225654785092
2022-11-02,Sport,990.3155104910402
2022-11-02,Kids,763.6815561198739
2022-11-03,Electronic,913.2998891044707
2022-11-03,Fashion,1000.3354364568559
2022-11-03,Sport,939.4665659946704
2022-11-03,Kids,838.5868388584306
2022-11-04,Electronic,998.7682320858672
2022-11-04,Fashion,877.2123456669221
2022-11-04,Sport,747.2141502672546
2022-11-04,Kids,1051.3141451457557
2022-11-05,Electronic,978.2254142247043
2022-11-05,Fashion,860.829296221632
2022-11-05,Sport,760.6248824934436
2022-11-05,Kids,892.7470660031928
2022-11-06,Electronic,845.1920171755438
2022-11-06,Fashion,842.9408852566207
2022-11-06,Sport,728.6184722111581
2022-11-06,Kids,991.5316269097655
2022-11-07,Electronic,969.4118653771492
2022-11-07,Fashion,1000.5945661540587
2022-11-07,Sport,939.3905477130804
2022-11-07,Kids,749.2508781479377
2022-11-08,Electronic,1049.9641115648885
2022-11-08,Fashion,1057.9502685491534
2022-11-08,Sport,1011.9047852921958
2022-11-08,Kids,1055.8983050835006
2022-11-09,Electronic,1070.097780606827
2022-11-09,Fashion,929.6893431821484
2022-11-09,Sport,780.0392141134841
2022-11-09,Kids,1030.8869567973288
2022-11-10,Electronic,928.494374343878
2022-11-10,Fashion,1078.0176092407382
2022-11-10,Sport,936.5635255947969
2022-11-10,Kids,741.3922059253929
2022-11-11,Electronic,890.9300392848745
2022-11-11,Fashion,1154.1605584917513
2022-11-11,Sport,904.9369005379103
2022-11-11,Kids,971.0731672765733
2022-11-12,Electronic,817.7527515900675
2022-11-12,Fashion,922.2696082113246
2022-11-12,Sport,1067.7626538961972
2022-11-12,Kids,993.400104791418
2022-11-13,Electronic,1014.6510200374001
2022-11-13,Fashion,904.3829088769444
2022-11-13,Sport,943.3774905573869
2022-11-13,Kids,828.1012914306307
2022-11-14,Electronic,955.8876646049323
2022-11-14,Fashion,990.4629647119875
2022-11-14,Sport,905.526740312957
2022-11-14,Kids,1042.779533293273
2022-11-15,Electronic,1038.6659425704702
2022-11-15,Fashion,790.5195267621277
2022-11-15,Sport,1063.2133028612554
2022-11-15,Kids,884.9902592191969
2022-11-16,Electronic,945.224591078925
2022-11-16,Fashion,800.6170814205086
2022-11-16,Sport,824.2568277053492
2022-11-16,Kids,954.6564977280416
2022-11-17,Electronic,725.7074273132132
2022-11-17,Fashion,970.0263007204895
2022-11-17,Sport,1091.318281074798
2022-11-17,Kids,841.4110991001633
2022-11-18,Electronic,982.5812227995787
2022-11-18,Fashion,896.4055734838555
2022-11-18,Sport,907.3679400012517
2022-11-18,Kids,888.9897202514155
2022-11-19,Electronic,732.2343683697886
2022-11-19,Fashion,768.527138208355
2022-11-19,Sport,741.3925979316483
2022-11-19,Kids,929.9752035321833
2022-11-20,Electronic,968.1979343416981
2022-11-20,Fashion,1166.0926818484315
2022-11-20,Sport,1030.7974626851994
2022-11-20,Kids,1040.400278395796
2022-11-21,Electronic,775.5911937002279
2022-11-21,Fashion,889.8404795429731
2022-11-21,Sport,835.7906733972985
2022-11-21,Kids,882.396047929755
2022-11-22,Electronic,890.9595502745977
2022-11-22,Fashion,1035.9350505351838
2022-11-22,Sport,842.5055973675818
2022-11-22,Kids,887.5645829123248
2022-11-23,Electronic,1053.6713806233909
2022-11-23,Fashion,1070.7569073680122
2022-11-23,Sport,830.1176135472183
2022-11-23,Kids,1139.0423665129103
2022-11-24,Electronic,1121.010566083642
2022-11-24,Fashion,936.5553839649253
2022-11-24,Sport,848.3268630625598
2022-11-24,Kids,1006.0677895331012
2022-11-25,Electronic,1126.6160899455274
2022-11-25,Fashion,1160.7627904394378
2022-11-25,Sport,749.7993020902759
2022-11-25,Kids,887.7164907147724
2022-11-26,Electronic,899.0104506230323
2022-11-26,Fashion,981.8033612023096
2022-11-26,Sport,768.8752457253632
2022-11-26,Kids,1114.8673282473867
2022-11-27,Electronic,983.2450417148789
2022-11-27,Fashion,1147.1553660206407
2022-11-27,Sport,1052.159979167247
2022-11-27,Kids,1095.6006682309821
2022-11-28,Electronic,889.5415498672675
2022-11-28,Fashion,967.4095979251226
2022-11-28,Sport,747.8891775564116
2022-11-28,Kids,1044.9920256166295
2022-11-29,Electronic,748.4873830874021
2022-11-29,Fashion,1094.8695781762337
2022-11-29,Sport,850.8387123488214
2022-11-29,Kids,871.6002617925709
2022-11-30,Electronic,773.941279160046
2022-11-30,Fashion,851.5399180911495
2022-11-30,Sport,1006.1866400882445
2022-11-30,Kids,1064.431641403451
2022-12-01,Electronic,902.955875443691
2022-12-01,Fashion,852.1177501701193
2022-12-01,Sport,737.1610458326545
2022-12-01,Kids,798.2315389734415
2022-12-02,Electronic,787.6549517560459
2022-12-02,Fashion,1156.2980245649353
2022-12-02,Sport,826.2613433115248
2022-12-02,Kids,969.3426889659466
2022-12-03,Electronic,788.3171255480806
2022-12-03,Fashion,836.7189642658408
2022-12-03,Sport,848.764501957331
2022-12-03,Kids,1063.109962439328
2022-12-04,Electronic,775.9807185601755
2022-12-04,Fashion,817.6166938372949
2022-12-04,Sport,840.1559107153325
2022-12-04,Kids,819.2658792090791
2022-12-05,Electronic,824.0654511380644
2022-12-05,Fashion,1215.2747068562774
2022-12-05,Sport,949.224882348488
2022-12-05,Kids,922.0648970437665
2022-12-06,Electronic,871.0765541156004
2022-12-06,Fashion,991.0672929511647
2022-12-06,Sport,893.1485006258547
2022-12-06,Kids,1076.335673852867
2022-12-07,Electronic,1002.7068353052342
2022-12-07,Fashion,896.3012878370497
2022-12-07,Sport,925.9402041907676
2022-12-07,Kids,923.418132775094
2022-12-08,Electronic,1107.5694700192269
2022-12-08,Fashion,1055.0143500122258
2022-12-08,Sport,935.6440288426332
2022-12-08,Kids,807.5319398424666
2022-12-09,Electronic,953.5720728090039
2022-12-09,Fashion,824.5671261055866
2022-12-09,Sport,854.3096330439828
2022-12-09,Kids,912.4311981153301
2022-12-10,Electronic,961.4416552910377
2022-12-10,Fashion,835.3357121339753
2022-12-10,Sport,926.6480898692494
2022-12-10,Kids,1147.6743515779654
2022-12-11,Electronic,788.5774481228675
2022-12-11,Fashion,1052.8662866374627
2022-12-11,Sport,876.4632751973797
2022-12-11,Kids,869.2368794693577
2022-12-12,Electronic,1065.5179446462262
2022-12-12,Fashion,823.7458595249022
2022-12-12,Sport,982.4981778656695
2022-12-12,Kids,1002.49437259354
2022-12-13,Electronic,1002.8642130368833
2022-12-13,Fashion,1101.304107694707
2022-12-13,Sport,869.5919613218192
2022-12-13,Kids,859.4136333180504
2022-12-14,Electronic,1020.7222047985531
2022-12-14,Fashion,1003.6011348681072
2022-12-14,Sport,1078.6308609556884
2022-12-14,Kids,1106.9506918343386
2022-12-15,Electronic,1129.2705460794136
2022-12-15,Fashion,1016.7992897569485
2022-12-15,Sport,854.0301733338446
2022-12-15,Kids,1126.5486302033582
2022-12-16,Electronic,872.7961642181187
2022-12-16,Fashion,857.6295424057596
2022-12-16,Sport,1110.69433275523
2022-12-16,Kids,1134.8403432526325
2022-12-17,Electronic,888.9627268217637
2022-12-17,Fashion,870.2147746302819
2022-12-17,Sport,924.5477144528163
2022-12-17,Kids,1152.732275812165
2022-12-18,Electronic,1125.5910419926659
2022-12-18,Fashion,876.1444738105376
2022-12-18,Sport,719.1351248078533
2022-12-18,Kids,1210.9868590715773
2022-12-19,Electronic,882.2354265801322
2022-12-19,Fashion,1031.0590124992589
2022-12-19,Sport,1163.2259952296213
2022-12-19,Kids,854.940095340866
2022-12-20,Electronic,1010.3115284509788
2022-12-20,Fashion,932.3514842156167
2022-12-20,Sport,868.1897167828881
2022-12-20,Kids,1164.1925302525297
2022-12-21,Electronic,913.5608253107048
2022-12-21,Fashion,1234.6961097541034
2022-12-21,Sport,1007.9393052325553
2022-12-21,Kids,957.7775740629797
2022-12-22,Electronic,843.8087973487749
2022-12-22,Fashion,1006.3569393960792
2022-12-22,Sport,877.6801122329184
2022-12-22,Kids,810.9977481173346
2022-12-23,Electronic,857.254634719309
2022-12-23,Fashion,943.8296476012308
2022-12-23,Sport,1091.5505455629623
2022-12-23,Kids,1038.3102703191535
2022-12-24,Electronic,1018.7917303071655
2022-12-24,Fashion,823.687886262434
2022-12-24,Sport,838.2122376895643
2022-12-24,Kids,1108.8014408757413
2022-12-25,Electronic,962.4868749996143
2022-12-25,Fashion,812.8269101711642
2022-12-25,Sport,1059.8611286360597
2022-12-25,Kids,1135.9372045063024
2022-12-26,Electronic,956.1377006426878
2022-12-26,Fashion,917.5266941241516
2022-12-26,Sport,1065.5660375929506
2022-12-26,Kids,1077.4753883735198
2022-12-27,Electronic,1078.0550443078214
2022-12-27,Fashion,1177.4053942893463
2022-12-27,Sport,1072.0160909288616
2022-12-27,Kids,981.42949299878
2022-12-28,Electronic,814.6589073684468
2022-12-28,Fashion,1080.8602950215234
2022-12-28,Sport,978.8694751067571
2022-12-28,Kids,1138.3855539976016
2022-12-29,Electronic,852.7932022556108
2022-12-29,Fashion,915.986625953383
2022-12-29,Sport,1113.121104958008
2022-12-29,Kids,1181.8763347507538
2022-12-30,Electronic,1119.36014471094
2022-12-30,Fashion,1235.762105191447
2022-12-30,Sport,1004.673565611221
2022-12-30,Kids,1023.680244394542
2022-12-31,Electronic,1128.25141820914
2022-12-31,Fashion,1085.2444036605561
2022-12-31,Sport,1041.6491123538374
2022-12-31,Kids,911.1520336958888
